{"cameraMode":{"drawMode":0,"name":"Shaded","section":"Shading Mode"},"sceneLighting":true,"audioPlay":false,"sceneViewState":{"m_AlwaysRefresh":false,"showFog":true,"showSkybox":true,"showFlares":true,"showImageEffects":true,"showParticleSystems":true,"showVisualEffectGraphs":true,"m_FxEnabled":true},"in2DMode":false,"pivot":{"x":16.294782638549806,"y":0.960677981376648,"z":-0.0000756382942199707},"rotation":{"x":0.2190285474061966,"y":0.0011650642845779658,"z":-0.00019852499826811254,"w":0.9757582545280457},"size":1.5050981044769288,"orthographic":false}