{"cameraMode":{"drawMode":0,"name":"Shaded","section":"Shading Mode"},"sceneLighting":false,"audioPlay":false,"sceneViewState":{"m_AlwaysRefresh":false,"showFog":true,"showSkybox":false,"showFlares":true,"showImageEffects":true,"showParticleSystems":true,"showVisualEffectGraphs":true,"m_FxEnabled":true},"in2DMode":false,"pivot":{"x":-1.8163456916809083,"y":1.545719861984253,"z":0.6860917806625366},"rotation":{"x":0.06632497161626816,"y":0.7850093245506287,"z":-0.08536316454410553,"w":0.6100264191627502},"size":0.33972984552383425,"orthographic":false}